,start_time,end_time,clip_name,clip_url,frame_name,main_video,description
0,0:00:00,0:03:00,clip_0.mp4,https://storage.cloud.google.com/my-project-0004-346516-pytorch112kagglewbi-us-central1/content/clips/clip_0.mp4,https://storage.cloud.google.com/my-project-0004-346516-pytorch112kagglewbi-us-central1/content/frames/frame_0.png,Google CEO Sundar Pichai and the Future of AI  The Circuit.mp4," The video begins with a shot of a person riding a bicycle through a park. The person is wearing a helmet and casual clothing, and the bike has a basket on the front. The park is well-maintained, with green grass, trees, and flowers. There are also several buildings in the background.

The camera then cuts to a shot of the person walking their bicycle up a hill. The person is now wearing a different outfit, and the bike is different as well. The hill is steep, but the person is able to make it to the top.

The camera then cuts to a shot of the person riding their bicycle down a hill. The person is now wearing a third outfit, and the bike is different yet again. The hill is steep, but the person is able to make it to the bottom.

The video ends with a shot of the person standing next to their bicycle. The person is smiling and looking at the camera.

The video is accompanied by a voiceover that talks about the importance of innovation. The voiceover says that innovation is what drives progress and that it is what makes the world a better place. The voiceover also says that innovation is not always easy, but that it is always worth it.

The video is a good example of how innovation can be used to improve our lives. The bicycle is a simple machine, but it has revolutionized the way we travel. The bicycle has made it possible for people to travel longer distances, and it has also made it possible for people to get exercise. The bicycle is a reminder that even the simplest of innovations can have a big impact."
1,0:03:00,0:06:00,clip_1.mp4,https://storage.cloud.google.com/my-project-0004-346516-pytorch112kagglewbi-us-central1/content/clips/clip_1.mp4,https://storage.cloud.google.com/my-project-0004-346516-pytorch112kagglewbi-us-central1/content/frames/frame_1.png,Google CEO Sundar Pichai and the Future of AI  The Circuit.mp4," The video is an interview with Sundar Pichai, the CEO of Alphabet Inc. and its subsidiary Google. The interview is conducted by Emily Chang, a Bloomberg Technology reporter. The interview took place at the Computer History Museum in Mountain View, California.

The video is about Pichai's life and career. Pichai was born in Madurai, India. He studied engineering at the Indian Institute of Technology Kharagpur and Stanford University. After graduating from Stanford, Pichai worked as a management consultant at McKinsey & Company. He joined Google in 2004 and has held various leadership positions at the company. He became the CEO of Google in 2015.

In the interview, Pichai discusses his childhood in India, his education, and his career at Google. He also discusses his vision for the future of technology.

The video is a valuable resource for anyone who wants to learn more about Sundar Pichai and his work at Google. It is also a great resource for anyone who is interested in the future of technology."
2,0:06:00,0:09:00,clip_2.mp4,https://storage.cloud.google.com/my-project-0004-346516-pytorch112kagglewbi-us-central1/content/clips/clip_2.mp4,https://storage.cloud.google.com/my-project-0004-346516-pytorch112kagglewbi-us-central1/content/frames/frame_2.png,Google CEO Sundar Pichai and the Future of AI  The Circuit.mp4," The video is about Google's new AI chatbot, which is called LaMDA. The video is hosted by Emily Chang, who interviews Sundar Pichai, the CEO of Google. 

The video begins with Pichai talking about how AI is going to change the world. He says that AI is going to make our lives easier, more efficient, and more enjoyable. He also says that AI is going to help us solve some of the world's biggest problems, such as climate change and poverty.

Chang then asks Pichai about LaMDA. Pichai says that LaMDA is a very powerful AI chatbot that can understand and generate human language. He also says that LaMDA is still in development, but that it has the potential to revolutionize the way we interact with computers.

Chang then asks Pichai about some of the ethical concerns that people have about AI. Pichai says that he understands these concerns, and that Google is committed to developing AI in a responsible way. He also says that Google is working with experts in ethics and AI to make sure that AI is used for good.

The video ends with Pichai talking about the future of AI. He says that he believes that AI is going to have a positive impact on the world, and that it is going to help us to build a better future for everyone."
3,0:09:00,0:12:00,clip_3.mp4,https://storage.cloud.google.com/my-project-0004-346516-pytorch112kagglewbi-us-central1/content/clips/clip_3.mp4,https://storage.cloud.google.com/my-project-0004-346516-pytorch112kagglewbi-us-central1/content/frames/frame_3.png,Google CEO Sundar Pichai and the Future of AI  The Circuit.mp4," The video is an interview with Sundar Pichai, the CEO of Alphabet Inc., the parent company of Google. The interview is conducted by Emily Chang, a Bloomberg Technology reporter.

The video begins with Pichai talking about his childhood in India. He describes how he was always interested in technology, and how he would often take apart his toys to see how they worked. He also talks about his education, and how he eventually came to the United States to study at Stanford University.

After graduating from Stanford, Pichai joined Google as a product manager. He quickly rose through the ranks, and he was eventually named CEO in 2015.

In the interview, Pichai discusses a wide range of topics, including Google's mission, its products, and its culture. He also talks about the challenges that Google faces, such as competition from other tech companies and the need to protect user privacy.

The video is a fascinating look into the mind of one of the most powerful people in the tech industry. Pichai is a thoughtful and articulate leader, and he offers a unique perspective on the future of technology.

Here is a more detailed summary of the video:

* Pichai begins by talking about his childhood in India. He describes how he was always interested in technology, and how he would often take apart his toys to see how they worked. He also talks about his education, and how he eventually came to the United States to study at Stanford University.
* After graduating from Stanford, Pichai joined Google as a product manager. He quickly rose through the ranks, and he was eventually named CEO in 2015.
* In the interview, Pichai discusses a wide range of topics, including Google's mission, its products, and its culture. He also talks about the challenges that Google faces, such as competition from other tech companies and the need to protect user privacy.
* Pichai is a thoughtful and articulate leader, and he offers a unique perspective on the future of technology."
4,0:12:00,0:15:00,clip_4.mp4,https://storage.cloud.google.com/my-project-0004-346516-pytorch112kagglewbi-us-central1/content/clips/clip_4.mp4,https://storage.cloud.google.com/my-project-0004-346516-pytorch112kagglewbi-us-central1/content/frames/frame_4.png,Google CEO Sundar Pichai and the Future of AI  The Circuit.mp4," The video is an interview with Sundar Pichai, the CEO of Alphabet and Google. He discusses the company's focus on artificial intelligence (AI) and how it is being used to improve products and services. He also talks about the importance of ethics in the development of AI and the need for regulation to ensure that AI is used for good.

The video is well-produced and engaging. Pichai is a charismatic speaker and he does a good job of explaining the complex topic of AI in a way that is easy to understand. The video is also visually appealing, with the use of animation and graphics to illustrate the key points.

Overall, the video is a good overview of Google's work in AI and the potential of this technology to change the world."
5,0:15:00,0:18:00,clip_5.mp4,https://storage.cloud.google.com/my-project-0004-346516-pytorch112kagglewbi-us-central1/content/clips/clip_5.mp4,https://storage.cloud.google.com/my-project-0004-346516-pytorch112kagglewbi-us-central1/content/frames/frame_5.png,Google CEO Sundar Pichai and the Future of AI  The Circuit.mp4," The video is about Sundar Pichai, the CEO of Alphabet and Google. It shows his life and work, and his vision for the future of technology.

The video begins with Pichai walking through the Google campus, talking about how he got his start at the company. He then goes on to discuss some of the challenges that Google has faced, such as the rise of social media and the increasing competition from Amazon.

Pichai also talks about his vision for the future of technology. He believes that artificial intelligence will play a major role in our lives, and that it will be used to solve some of the world's biggest problems, such as climate change and poverty.

The video ends with Pichai talking about his hopes for the future. He wants to see a world where technology is used to make people's lives better, and he believes that Google can play a big role in making that happen.

The video is a fascinating look into the life and work of one of the most powerful people in the world. It is also a thought-provoking look at the future of technology and how it will impact our lives."
6,0:18:00,0:21:00,clip_6.mp4,https://storage.cloud.google.com/my-project-0004-346516-pytorch112kagglewbi-us-central1/content/clips/clip_6.mp4,https://storage.cloud.google.com/my-project-0004-346516-pytorch112kagglewbi-us-central1/content/frames/frame_6.png,Google CEO Sundar Pichai and the Future of AI  The Circuit.mp4," The video is an interview with Sundar Pichai, the CEO of Google. He is being interviewed by Emily Chang from Bloomberg Technology. The interview took place on May 2, 2024.

The interview covers a wide range of topics, including Google's recent legal troubles, its plans for the future, and Pichai's own personal philosophy.

One of the most interesting parts of the interview is when Pichai is asked about Google's recent legal troubles. Google has been facing a number of lawsuits from regulators around the world, who have accused the company of abusing its dominant position in the search market. Pichai defends Google's practices, arguing that the company is always acting in the best interests of its users.

Another interesting part of the interview is when Pichai is asked about Google's plans for the future. Pichai says that Google is focused on three key areas: artificial intelligence, cloud computing, and hardware. He believes that these three areas will be the driving forces of the tech industry in the years to come.

Finally, Pichai is asked about his own personal philosophy. He says that he is a big believer in the power of technology to make the world a better place. He also says that he is committed to making Google a more diverse and inclusive company.

Overall, the interview is a fascinating look into the mind of one of the most powerful people in the tech industry. Pichai is a thoughtful and articulate leader, and he has a clear vision for the future of Google."
7,0:21:00,0:24:00,clip_7.mp4,https://storage.cloud.google.com/my-project-0004-346516-pytorch112kagglewbi-us-central1/content/clips/clip_7.mp4,https://storage.cloud.google.com/my-project-0004-346516-pytorch112kagglewbi-us-central1/content/frames/frame_7.png,Google CEO Sundar Pichai and the Future of AI  The Circuit.mp4," The video is an interview between Sundar Pichai, the CEO of Alphabet Inc., and Emily Chang, a Bloomberg Technology reporter. The interview took place at the Googleplex, the company's headquarters in Mountain View, California.

The interview covers a wide range of topics, including Pichai's early life, his career at Google, and his vision for the future of technology. Pichai speaks about his passion for technology and his belief that it can be used to solve some of the world's biggest problems. He also discusses the challenges facing the tech industry, such as the need to address privacy concerns and to ensure that technology is used for good.

The interview is conducted in a conversational style, and Pichai is candid and thoughtful in his responses. He is clearly passionate about his work and has a deep understanding of the technology industry. The interview is also visually appealing, with high-quality production values and a clean, modern design.

Overall, the video is a well-made and informative interview with one of the most influential people in the tech industry. It is a must-watch for anyone interested in technology or the future of the world."
